Date_New,polarity,subjectivity,neg,neu,pos,compound,std_comp,std_neg,std_neu,std_pos
2022-01-01,0,0,0,0,0,0,-0.876865196,-0.890607345,-4.23329208,-1.68684405
2022-01-02,0.266666667,0.25,0,0.516333333,0.150333333,0.2083,0.471552085,-0.890607345,-0.811081883,-0.249398826
2022-01-03,-0.013888889,0.352777778,0.1195,0.608833333,0.271666667,-0.034283333,-1.098796253,1.18576255,-0.198000327,0.910756522
2022-01-04,0.166666667,0.166666667,0,0.666666667,0,0,-0.876865196,-0.890607345,0.185313727,-1.68684405
2022-01-05,0,0,0,0.204,0.296,0.2202,0.548586006,-0.890607345,-2.881198703,1.143425039
2022-01-06,0.35,0.4375,0.0625,0.5925,0.345,0.190375,0.355515696,0.195360173,-0.306256169,1.611949314
2022-01-07,0.000119048,0.25297619,0.014166667,0.9695,0.016333333,0.003533333,-0.853992379,-0.644454708,2.192465415,-1.530669292
2022-01-08,1,0.3,0,0.656,0.344,0.6369,3.246067912,-0.890607345,0.114616034,1.602387594
2022-01-09,0,0,0,0.5,0,0,-0.876865196,-0.890607345,-0.919337725,-1.68684405
2022-01-10,0.107142857,0.546428571,0.1905,0.694,0.1155,-0.2103,-2.238229355,2.419421651,0.366476565,-0.582465402
2022-01-11,0.25,0.394444444,0.057666667,0.853666667,0.088666667,0.028833333,-0.69021438,0.111378685,1.424732656,-0.839038219
2022-01-12,0.391666667,0.6375,0,0.5965,0.4035,0.465225,2.134740323,-0.890607345,-0.279744534,2.171309928
2022-01-13,0.071428571,0.133928571,0.04925,0.80725,0.1435,0,-0.876865196,-0.034864941,1.117087226,-0.314737245
2022-01-14,0,0,0,0.525666667,0.141,0.098666667,-0.238152578,-0.890607345,-0.749221401,-0.338641545
2022-01-15,-0.033333333,0.15,0,0.454,0.046,0.100475,-0.226446443,-0.890607345,-1.224221526,-1.247004935
2022-01-16,0.100588235,0.287320261,0,0.703764706,0.178588235,0.152864706,0.112695107,-0.890607345,0.431196144,0.020766633
2022-01-17,0.125,0.276388889,0,0.677833333,0.1555,0.177633333,0.273033298,-0.890607345,0.259325374,-0.199996606
2022-01-18,0.114444444,0.361481481,0.066466667,0.5382,0.195266667,0.203213333,0.43862386,0.264282912,-0.666151612,0.180241122
2022-01-19,0.202875817,0.34753268,0.036470588,0.572529412,0.214588235,0.166658824,0.201990482,-0.256913358,-0.438619405,0.364988549
2022-01-20,0,0,0,0.38625,0.36375,0.1643,0.186720782,-0.890607345,-1.673262341,1.791231562
2022-01-21,0.058703102,0.480420274,0.192636364,0.530090909,0.186272727,0.085218182,-0.32521052,2.456541995,-0.719897927,0.094243592
2022-01-25,0.176157407,0.291898148,0.008,0.418777778,0.239888889,0.2662,0.846364186,-0.751603503,-1.457671199,0.606906312
2022-01-26,0.097916667,0.20625,0.051666667,0.512833333,0.102166667,0.113633333,-0.141266778,0.007125803,-0.834279563,-0.709955001
2022-01-27,0.053479853,0.14790293,0.051576923,0.702,0.054038462,0.023957692,-0.721776544,0.005566465,0.419499835,-1.170143417
2022-01-28,0.081512346,0.397283951,0.021333333,0.815777778,0.162888889,0.137877778,0.015678146,-0.519930432,1.173608559,-0.12934612
2022-01-29,0.058333333,0.30625,0.02575,0.608125,0.241125,0.1845875,0.31805067,-0.443188728,-0.202695096,0.61872566
2022-01-30,0.186013496,0.351254138,0.040058824,0.683705882,0.099764706,0.019870588,-0.748234161,-0.194566046,0.298248093,-0.732921877
2022-01-31,-0.0625,0.215625,0.016125,0.458875,0.025,-0.0212,-1.014102097,-0.610427726,-1.191910471,-1.447801053
2022-02-01,0.053100198,0.308878968,0.1055,0.6655,0.229,0.181825,0.300167796,0.942505826,0.177581167,0.502789806
2022-02-02,0.097010582,0.29042328,0.045333333,0.655333333,0.299333333,0.374344444,1.546430618,-0.102918905,0.110197428,1.175297439
2022-02-03,0.059583333,0.244583333,0.0123,0.8156,0.1721,0.13951,0.026244237,-0.676888938,1.172430264,-0.041272056
2022-02-04,0.133333333,0.15,0,0.537333333,0.129333333,0.1953,0.387397382,-0.890607345,-0.6718958,-0.450194943
2022-02-05,0.040266667,0.241733333,0.014,0.5736,0.0124,0.03977,-0.619416539,-0.647350621,-0.431523644,-1.568278723
2022-02-06,0.01875,0.14375,0.068,0.709375,0.222625,0.0383625,-0.628527904,0.290925315,0.468380661,0.441833842
2022-02-07,0.050472959,0.412045981,0.1505,0.522,0.14,-0.1084625,-1.578990541,1.724402439,-0.773523733,-0.348203265
2022-02-08,0.04,0.04,0,0.5016,0.0984,0.08808,-0.306684715,-0.890607345,-0.908733071,-0.745970812
2022-02-09,0.046428571,0.19047619,0.020142857,0.332857143,0.218428571,0.083485714,-0.336425542,-0.540615528,-2.027145324,0.401708767
2022-02-10,0.013333333,0.136666667,0,0.3344,0.0656,0.11988,-0.100829365,-0.890607345,-2.016919407,-1.059595225
2022-02-11,0.21095679,0.395910494,0.079333333,0.685666667,0.234888889,0.102355556,-0.214272782,0.487847425,0.311243992,0.559097712
2022-02-12,-0.002087542,0.349646465,0.0555,0.9445,0,-0.064,-1.291165273,0.073731811,2.026767697,-1.68684405
2022-02-13,0.309090909,0.263636364,0.019636364,0.547454545,0.251090909,0.200463636,0.420823865,-0.549416096,-0.60481333,0.714016891
2022-02-14,0.054761905,0.147619048,0,0.626571429,0.087714286,0.205257143,0.451854336,-0.890607345,-0.080433851,-0.848144619
2022-02-15,0.233333333,0.266666667,0,0.896666667,0.103333333,0.133966667,-0.009640192,-0.890607345,1.70973273,-0.698799661
2022-02-16,-0.020238095,0.270238095,0.201428571,0.517285714,0.138714286,-0.150385714,-1.850377899,2.609310828,-0.804769589,-0.360496904
2022-02-17,0.145333333,0.341333333,0.1662,0.7006,0.1332,0.10312,-0.209324197,1.997197479,0.410220762,-0.41322296
2022-02-18,0.086160714,0.257142857,0,0.559,0.191,0.1738875,0.248784876,-0.890607345,-0.528291111,0.13944445
2022-02-19,0.095641026,0.148717949,0.047846154,0.717076923,0.235076923,0.1247,-0.06962739,-0.059257442,0.519428304,0.560895642
2022-02-20,0.060881543,0.193595041,0.088272727,0.687727273,0.133090909,0.069309091,-0.428197045,0.643173688,0.324901501,-0.414266057
2022-02-21,0.26292517,0.391244331,0.0385,0.552285714,0.194928571,0.156371429,0.135395661,-0.221651354,-0.572792784,0.17700835
2022-02-22,0.083513709,0.234648268,0.052909091,0.581121212,0.184151515,0.089439394,-0.297884762,0.028713521,-0.381673737,0.073961156
2022-02-23,0.091089466,0.393650794,0.045363636,0.628181818,0.235545455,0.249454545,0.737963512,-0.102392376,-0.069760336,0.565375609
2022-02-25,0.063031463,0.340462018,0.013428571,0.684285714,0.230857143,0.209271429,0.477840568,-0.657279467,0.302091166,0.520547286
2022-02-26,0.220833333,0.2875,0,0.29875,0.45125,0.31105,1.136697912,-0.890607345,-2.253204353,2.627882053
2022-02-28,0.65,0.7,0,0.477,0.523,0.5095,2.421351822,-0.890607345,-1.071779625,3.313935455
2022-03-01,0.211574074,0.648148148,0.087333333,0.829666667,0.083,-0.014533333,-0.970945839,0.626851267,1.265662847,-0.893221299
2022-03-02,0.083202486,0.306581653,0.033823529,0.808941176,0.098352941,0.162788235,0.176934466,-0.302907277,1.12829619,-0.746420775
2022-03-03,0.024761905,0.327285714,0.0692,0.720933333,0.1432,0.069233333,-0.428687457,0.311775891,0.544988239,-0.317605761
2022-03-04,-0.01,0.198888889,0.0524,0.547,0.2006,0.11804,-0.112740492,0.019867822,-0.607826016,0.231236961
2022-03-05,0.200292398,0.424655388,0.031473684,0.704684211,0.158684211,0.262631579,0.823264231,-0.343736966,0.437290537,-0.169550077
2022-03-06,0.06625,0.355595238,0.0405,0.5948,0.21465,0.14868,0.08560567,-0.186900393,-0.291011979,0.365579126
2022-03-07,0.166666667,0.333333333,0,0.761,0.239,0.317566667,1.178883154,-0.890607345,0.810546448,0.598407005
2022-03-08,-0.275,0.6,0.1905,0.8095,0,-0.28595,-2.727944992,2.419421651,1.132000021,-1.68684405
2022-03-09,0.119736111,0.430611111,0.031,0.548777778,0.309222222,0.211155556,0.490037349,-0.351967456,-0.596043067,1.269852224
2022-03-10,0,0,0,1,0,0,-0.876865196,-0.890607345,2.39461663,-1.68684405
2022-03-11,0.088352273,0.417424242,0,0.9665,0.0335,0.1591,0.153058901,-0.890607345,2.172581688,-1.366526433
2022-03-12,-0.1,0.411111111,0.43,0.489,0.081,-0.4967,-4.092222198,6.580849181,-0.992244721,-0.912344738
2022-03-13,0.06,0.27,0.0888,0.8444,0.0668,-0.09478,-1.490417716,0.652335305,1.363314035,-1.048121161
2022-03-14,0.009975275,0.249831763,0.0735,0.53735,0.13925,0.089135,-0.299855238,0.386490456,-0.671785335,-0.355374554
2022-03-15,0.076109076,0.163492063,0.019153846,0.523769231,0.226230769,0.194469231,0.382019448,-0.557800069,-0.761797433,0.476311197
2022-03-16,0.060833333,0.156388889,0.011666667,0.667333333,0.321,0.331433333,1.26864817,-0.687893409,0.189732333,1.382468036
2022-03-17,0.095972222,0.254861111,0.0136,0.6862,0.3002,0.351,1.395311788,-0.654300813,0.314778877,1.183584263
2022-03-18,0.152666976,0.527466502,0.127571429,0.727428571,0.145142857,0.004114286,-0.85023162,1.326007498,0.588038085,-0.299028705
2022-03-19,0.025347222,0.108680556,0,0.4545,0.0455,0.125016667,-0.067577468,-0.890607345,-1.220907571,-1.251785795
2022-03-20,0.675,0.825,0,0.7505,0.2495,0.63495,3.233444706,-0.890607345,0.740953407,0.698805064
2022-03-21,0.127274306,0.347777778,0.0262,0.7415,0.1323,0.13307,-0.015444708,-0.435369762,0.681302229,-0.421828508
2022-03-22,0.034090909,0.113636364,0,0.5,0,0,-0.876865196,-0.890607345,-0.919337725,-1.68684405
2022-03-24,0.046296296,0.437191358,0.069555556,0.768777778,0.050555556,-0.057744444,-1.250670317,0.31795384,0.86209685,-1.203445989
2022-03-25,0.127777778,0.477777778,0.054666667,0.3295,0.2825,0.128808333,-0.043032346,0.059252244,-2.04939616,1.014341821
2022-03-26,0.098051948,0.31969697,0.107714286,0.662857143,0.086571429,-0.070114286,-1.330745727,0.980980103,0.160064551,-0.859072299
2022-03-27,0.038271847,0.251439037,0.030461538,0.589769231,0.149076923,0.1388,0.021648095,-0.361323484,-0.324355458,-0.261412269
2022-03-28,0.205555556,0.362037037,0.030583333,0.727583333,0.1585,0.207416667,0.465833881,-0.35920724,0.589063832,-0.171311446
2022-03-29,0.225477844,0.444042659,0.038333333,0.753666667,0.12475,0.2738,0.89556232,-0.224547267,0.761941785,-0.494019493
2022-03-30,0.275,0.441666667,0.029333333,0.525666667,0.278333333,0.159716667,0.157050855,-0.38092659,-0.749221401,0.974501321
2022-03-31,0.066666667,0.1,0.067,0.826333333,0.106666667,0.138366667,0.018842939,0.273549834,1.243569818,-0.666927261
2022-04-01,0.07,0.13,0,0.4,0.2,0.0843,-0.331154314,-0.890607345,-1.582128596,0.225499929
2022-04-02,-0.03125,0.8125,0.156,0.652,0.193,0.3197,1.192693156,1.81996758,0.088104399,0.15856789
2022-04-03,0.010339506,0.215277778,0.074925926,0.584555556,0.118296296,0.038311111,-0.628860567,0.411266604,-0.358911222,-0.555728
2022-04-04,0.185,0.403333333,0,0.6834,0.3166,0.16468,0.189180689,-0.890607345,0.296220733,1.340396469
2022-04-05,0.101369048,0.325892857,0.0827,0.7168,0.2005,0.06605,-0.44929457,0.546344875,0.517592883,0.230280789
2022-04-06,0.204861111,0.392361111,0.065333333,0.525333333,0.2425,0.245883333,0.71484549,0.244590701,-0.751430704,0.631873025
2022-04-07,0.103703704,0.22962963,0,0.365111111,0.190444444,0.219144444,0.541752931,-0.890607345,-1.813368967,0.134132383
2022-04-08,0.191583333,0.490916667,0.0256,0.7214,0.2529,0.26,0.806228866,-0.44579505,0.548081264,0.731314912
2022-04-09,0.082128906,0.363020833,0.0569375,0.6459375,0.2345,0.0522375,-0.538708942,0.098709064,0.047922702,0.555379266
2022-04-10,0.017948718,0.355128205,0.106230769,0.764230769,0.129538462,-0.0235,-1.028991006,0.955203292,0.831959692,-0.448233565
2022-04-14,0.171825397,0.320436508,0.004833333,0.72975,0.09875,0.143075,0.049322046,-0.806625857,0.603424301,-0.74262421
2022-04-15,0.075,0.316666667,0,0.666666667,0,0,-0.876865196,-0.890607345,0.185313727,-1.68684405
2022-04-16,0.095486111,0.279662698,0.01175,0.54175,0.113,0.183375,0.310201626,-0.686445452,-0.642622536,-0.606369702
2022-04-17,0.408333333,0.583333333,0.0105,0.50575,0.23375,0.3079,1.11630658,-0.708164802,-0.88122725,0.548207976
2022-04-18,0.176301587,0.351174603,0.0286,0.506133333,0.198533333,0.222286667,0.562093914,-0.393668609,-0.878686552,0.211476073
2022-04-19,0.075467687,0.582312925,0.0645,0.8685,0.067,0.0129,-0.793357837,0.230111134,1.523046635,-1.046208817
2022-04-20,0.140909091,0.293939394,0,0.562,0.438,0.225127273,0.580482404,-0.890607345,-0.508407385,2.501189264
2022-04-21,0.117452572,0.370973442,0.110411765,0.641,0.160323529,-0.005408824,-0.911878884,1.027850096,0.015197403,-0.153875369
2022-04-22,0.278571429,0.257142857,0.080714286,0.608571429,0.310714286,0.188342857,0.342360744,0.511842136,-0.199736208,1.284118918
2022-04-23,0.221535354,0.305858586,0.1666,0.545533333,0.221266667,-0.044166667,-1.162775405,2.004147672,-0.617546948,0.428845839
2022-04-24,0.065575397,0.337639933,0.042473684,0.707,0.145263158,0.103057895,-0.209726232,-0.152606682,0.452639378,-0.297878423
2022-04-25,0.08125,0.3296875,0.097625,0.705,0.197375,0.10915,-0.170289362,0.805673918,0.439383561,0.200400414
2022-04-26,0.0775,0.410119048,0.026142857,0.727142857,0.104,0.226757143,0.591033268,-0.436362646,0.586144396,-0.692425181
2022-04-27,-0.07273758,0.397753041,0.122928571,0.462642857,0.128857143,0.081235714,-0.350990779,1.245335625,-1.166937458,-0.454748143
2022-04-28,0.207894737,0.238596491,0.086631579,0.550526316,0.257578947,0.193236842,0.374041656,0.614657947,-0.584453916,0.776053696
2022-04-29,0.02288282,0.368503735,0.14,0.547705882,0.194647059,0.045782353,-0.580495941,1.541959896,-0.603147492,0.174316605
2022-04-30,0.038392857,0.40952381,0.092857143,0.801,0.106142857,0.034757143,-0.651866962,0.722830111,1.075662797,-0.671935781
2022-05-01,0.175928932,0.365584416,0.091363636,0.615181818,0.293454545,0.231618182,0.622500906,0.696879718,-0.155923149,1.119086116
2022-05-02,0.11248366,0.151437908,0.025470588,0.689705882,0.167176471,0.112188235,-0.150621532,-0.448043641,0.338015545,-0.088349465
2022-05-03,0.102070862,0.322999433,0.049933333,0.7164,0.1336,0.163243333,0.179880515,-0.022991696,0.51494172,-0.409398272
2022-05-04,0.321666667,0.291462585,0.007111111,0.681333333,0.200444444,0.328,1.246422697,-0.767048374,0.282523055,0.229749582
2022-05-06,0.095471522,0.23138422,0.019764706,0.690529412,0.172058824,0.197105882,0.399087651,-0.547186088,0.343473823,-0.041665774
2022-05-07,-0.085166667,0.516333333,0.0956,0.8482,0.056,-0.073,-1.349426221,0.770488571,1.388500088,-1.151387736
2022-05-08,0.4,0.5,0,0.6755,0.3245,0.28595,0.9742146,-0.890607345,0.243860254,1.415934056
2022-05-09,0.140868783,0.431698413,0.11992,0.6572,0.18272,0.0303,-0.680720003,1.193060251,0.122569524,0.060273409
2022-05-10,0.29375,0.49375,0,0.34525,0.40475,0.31175,1.141229319,-0.890607345,-1.945006598,2.183262078
2022-05-11,-0.038333333,0.515,0,0.6924,0.1076,0.1523,0.109039518,-0.890607345,0.355871911,-0.658002989
2022-05-12,0.095173761,0.279007937,0.0082,0.745266667,0.179866667,0.202973333,0.437070235,-0.748128407,0.706267351,0.032990635
2022-05-13,-0.009461806,0.180555556,0.2071875,0.6636875,0.0666875,-0.1501,-1.848528345,2.709374978,0.165568082,-1.049196854
2022-05-14,0.076485891,0.320535714,0.069555556,0.760277778,0.114555556,-0.022422222,-1.022014077,0.31795384,0.805759625,-0.591495915
2022-05-15,0.166022544,0.418961353,0.090043478,0.560826087,0.21873913,0.117221739,-0.118037454,0.673941337,-0.516187973,0.404678245
2022-05-16,0.161538462,0.135576923,0.008461538,0.538846154,0.145,0.172376923,0.239006249,-0.743584051,-0.661868964,-0.300394665
2022-05-17,0.269848485,0.444090909,0.015454545,0.751272727,0.233272727,0.2016,0.428180046,-0.622077195,0.746074973,0.543644427
2022-05-18,0.009563492,0.363253968,0.153904762,0.486761905,0.21647619,-0.042319048,-1.150814957,1.783561812,-1.007078612,0.383040647
2022-05-19,0.139722222,0.286111111,0.022766667,0.5349,0.209033333,0.199166667,0.412428012,-0.495025577,-0.688023711,0.311874132
2022-05-20,0.196609824,0.38005577,0.060054054,0.718486486,0.194486486,0.163754054,0.183186635,0.152860687,0.528770762,0.172781257
2022-05-21,0.084566498,0.291759259,0.0885,0.635777778,0.220166667,0.07365,-0.400096436,0.647122661,-0.019415009,0.418327947
2022-05-22,-0.233333333,0.666666667,0,0.766,0.234,0.7269,3.828677395,-0.890607345,0.843685992,0.550598406
2022-05-23,0.20797123,0.347018849,0.012833333,0.649083333,0.254833333,0.238791667,0.66893802,-0.667622015,0.068772999,0.749800903
2022-05-24,0.08974359,0.193589744,0.076461538,0.518730769,0.289423077,0.081269231,-0.350773813,0.437948609,-0.795191896,1.080538343
2022-05-25,0.068333333,0.290228175,0.0341,0.7077,0.1582,0.22116,0.554800507,-0.298103467,0.457278914,-0.174179962
2022-05-26,0.115656664,0.341314559,0.069473684,0.679473684,0.172131579,0.050444737,-0.550314284,0.316531286,0.27019747,-0.040970107
2022-05-27,0.148277125,0.366066212,0.041702703,0.571864865,0.278351351,0.172440541,0.239418072,-0.166002856,-0.443023961,0.974673604
2022-05-28,0.193669355,0.362268519,0.055451613,0.598096774,0.281935484,0.230348387,0.614280967,0.072891062,-0.269161261,1.008944075
2022-05-29,0.126626984,0.319693878,0.076809524,0.778238095,0.144952381,0.096890476,-0.249650638,0.443995022,0.92479897,-0.300849985
2022-05-30,0.041780145,0.372154692,0.105947368,0.656526316,0.132263158,0.086957895,-0.313948595,0.950279067,0.118104407,-0.422180782
2022-05-31,0.100213143,0.243754509,0.051757576,0.631878788,0.225454545,0.214251515,0.510078854,0.008705392,-0.045257158,0.468889163
2022-06-01,0.115897817,0.313988095,0.021833333,0.801833333,0.093,0.218125,0.53515362,-0.511242692,1.081186054,-0.7976041
2022-06-02,0.056283069,0.260496977,0.017555556,0.710111111,0.161222222,0.188888889,0.345895447,-0.585571136,0.473259539,-0.14528232
2022-06-03,0.24508547,0.34241453,0.079769231,0.687538462,0.232769231,0.377453846,1.566559139,0.495421352,0.323650078,0.538830135
2022-06-04,0.074993212,0.311131475,0.055078947,0.589868421,0.249736842,0.043284211,-0.596667513,0.066415819,-0.323698034,0.701069682
2022-06-05,0.085844907,0.382384259,0.042416667,0.819583333,0.138,0.132516667,-0.019026678,-0.15359739,1.198831434,-0.367326704
2022-06-06,-0.041847042,0.347040945,0.061,0.735714286,0.060285714,-0.041485714,-1.145420424,0.169296953,0.642955042,-1.110408936
2022-06-07,0.13375,0.12125,0.0484,0.4653,0.1863,0.11265,-0.147632327,-0.049634099,-1.149326157,0.094504367
2022-06-08,-0.065625,0.25,0.0495,0.89825,0.05225,-0.0074,-0.924768642,-0.030521071,1.720226919,-1.187244185
2022-06-09,0.185912698,0.501719577,0.088444444,0.571777778,0.228666667,0.285822222,0.973387439,0.646157356,-0.443601166,0.499602566
2022-06-10,0.032527778,0.358958333,0.09385,0.682,0.12415,-0.032495,-1.087219587,0.74008148,0.28694166,-0.499756525
2022-06-11,0.19580761,0.350682496,0.022631579,0.623052632,0.301684211,0.294431579,1.029119582,-0.497372791,-0.103756116,1.197775868
2022-06-12,0.081666667,0.25452381,0.0302,0.6135,0.3063,0.197235,0.399923486,-0.36586784,-0.167070086,1.241910754
2022-06-13,0.365,0.535,0.02425,0.22575,0.5,0.246075,0.716086232,-0.469251948,-2.737041689,3.094015898
2022-06-14,0.069253472,0.308119213,0.045208333,0.710458333,0.161,0.089575,-0.297006925,-0.10509084,0.475560896,-0.147407147
2022-06-15,0.088288889,0.231322222,0.04348,0.66704,0.16952,0.118624,-0.108960004,-0.135121462,0.187788146,-0.065941293
2022-06-16,0.228571429,0.358333333,0.003928571,0.447107143,0.370392857,0.251935714,0.754025207,-0.82234653,-1.269906754,1.854748701
2022-06-17,0.149074074,0.27191358,0.055555556,0.496666667,0.336666667,0.22455,0.576745464,0.074697115,-0.941430754,1.532268315
2022-06-18,0.051161616,0.26585048,0.051518519,0.659444444,0.177925926,0.213781481,0.507036119,0.004551658,0.137445497,0.014433816
2022-06-19,0.176923077,0.35,0,0.627153846,0.219,0.233784615,0.636525181,-0.890607345,-0.07657364,0.407172607
2022-06-20,0.206547619,0.415238095,0.047785714,0.689857143,0.262357143,0.246771429,0.72059452,-0.060307608,0.339018086,0.821741463
2022-06-21,0.013425926,0.358101852,0.033166667,0.6335,0.166666667,0.18265,0.305508382,-0.314320582,-0.034511912,-0.093224067
2022-07-02,0.200892857,0.585714286,0.109857143,0.470428571,0.419714286,0.347757143,1.374319351,1.018213275,-1.115334454,2.326346386
2022-07-04,0.266666667,0.333333333,0,0.450333333,0.216333333,0.190633333,0.357188001,-0.890607345,-1.248523858,0.381674687
2022-07-05,0.159694602,0.413773674,0.02075,0.8140625,0.1651875,0.176975,0.268771618,-0.530066129,1.162239854,-0.107367445
2022-07-06,0.101547619,0.278809524,0.105428571,0.657214286,0.0945,0.024942857,-0.715399139,0.94126472,0.122664209,-0.78326152
2022-07-07,0.176195767,0.353572751,0.051047619,0.740095238,0.113619048,0.105928571,-0.191143082,-0.003630447,0.671991595,-0.600450542
2022-07-08,-0.010335498,0.466071429,0.151818182,0.674363636,0.173727273,0.000663636,-0.872569187,1.747306481,0.236328539,-0.02571253
2022-07-11,0.004166667,0.154791667,0.09635,0.50955,0.0441,0.018255,-0.758692573,0.783520181,-0.856041197,-1.265172203
2022-07-12,0.080663221,0.326337093,0.084526316,0.577263158,0.127684211,0.128505263,-0.044994252,0.578077989,-0.407244568,-0.465963394
2022-07-13,0.090815508,0.245659537,0.003529412,0.605588235,0.214411765,0.190058824,0.353468947,-0.829282121,-0.219508541,0.363301186
2022-07-14,0.114285714,0.371428571,0,0.8245,0.1755,0.6365,3.243478536,-0.890607345,1.231418652,-0.008762208
2022-07-15,0.021680556,0.189083333,0.0212,0.8028,0.126,0.137655,0.014236008,-0.522247163,1.087593033,-0.482067343
2022-07-16,0.151785714,0.489285714,0.050166667,0.7155,0.067666667,-0.00125,-0.884956994,-0.018937417,0.508976602,-1.039834337
2022-07-18,0.118964912,0.291649123,0.022,0.715421053,0.104684211,0.209821053,0.481398526,-0.508346779,0.508453346,-0.685882951
2022-07-19,0.204545455,0.260606061,0.071545455,0.728909091,0.199545455,0.13,-0.035318165,0.35252929,0.597850833,0.221153693
2022-07-20,0.04375,0.24375,0.06625,0.18375,0.5,0.224975,0.579496675,0.260518224,-3.015413855,3.094015898
2022-07-21,0.1,0.261742424,0.081909091,0.401272727,0.153181818,0.098663636,-0.238172194,0.53260245,-1.573693076,-0.222162411
2022-07-22,0.106349206,0.137103175,0.0235,0.851833333,0.124666667,0.177633333,0.273033298,-0.482283558,1.41258149,-0.494816303
2022-07-23,-0.050347222,0.505208333,0.20775,0.7665,0.02575,-0.0153,-0.975908808,2.719148686,0.846999946,-1.440629763
2022-07-24,0.020081019,0.214351852,0.065,0.773722222,0.105722222,0.048033333,-0.565924357,0.238798874,0.894868176,-0.675957774
2022-07-25,0.187653285,0.359471153,0.039608696,0.78173913,0.135217391,0.062195652,-0.474245454,-0.202387235,0.948003512,-0.393933229
2022-07-26,0.191666667,0.175,0.050333333,0.577,0.206,0.020483333,-0.744267593,-0.016041504,-0.408988754,0.282870249
2022-07-27,0.006220539,0.429840067,0.092333333,0.776333333,0.131333333,0.16656,0.201350754,0.713728668,0.912174382,-0.431071504
2022-07-28,-0.05,0,0.159,0.547,0.294,0.4019,1.724809817,1.872094021,-0.607826016,1.124301599
2022-07-29,0.217103175,0.417738095,0.0413,0.6971,0.2616,0.36501,1.486004664,-0.173000009,0.387023082,0.814501875
2022-07-30,0.155244755,0.208547009,0.009307692,0.670538462,0.166307692,0.1491,0.088324514,-0.728881721,0.21097563,-0.09665648
2022-07-31,0.06,0.175,0,0.3464,0.1536,0.09768,-0.244539704,-0.890607345,-1.937384503,-0.218163874
2022-08-01,0.025472608,0.121286651,0.016083333,0.624083333,0.109833333,0.051225,-0.545263299,-0.611151704,-0.096924719,-0.636648481
2022-08-02,0.275208333,0.409166667,0,0.483625,0.266375,0.285075,0.968550341,-0.890607345,-1.02786973,0.860159087
2022-08-04,0.149479167,0.239583333,0.009125,0.55425,0.186625,0.155425,0.129269014,-0.732056088,-0.559773677,0.097611926
2022-08-05,0.116666667,0.183333333,0,0.784333333,0.215666667,0.2235,0.569948353,-0.890607345,0.965197652,0.375300208
2022-08-06,0.045818071,0.218454561,0.077615385,0.824846154,0.097538462,0.013107692,-0.792013353,0.457997241,1.233712928,-0.754208602
2022-08-07,0,0.02,0,0.6,0,0,-0.876865196,-0.890607345,-0.256546854,-1.68684405
2022-08-08,-0.03,0.4925,0.026,0.835666667,0.138,0.279366667,0.931597795,-0.438844858,1.305430299,-0.367326704
2022-08-09,0,0,0,1,0,0,-0.876865196,-0.890607345,2.39461663,-1.68684405
2022-08-10,0.065,0.18625,0.0126,0.5434,0.2439,0.17758,0.272688048,-0.671676294,-0.631686487,0.645259433
2022-08-11,0.076785714,0.230357143,0.154714286,0.717,0.056928571,-0.06255,-1.281778787,1.797627677,0.518918465,-1.142508996
2022-08-12,0.036111111,0.069444444,0.059166667,0.747166667,0.027,0.024066667,-0.721071105,0.137441905,0.718860378,-1.428677613
2022-08-13,0.040416667,0.179166667,0,0.7447,0.1553,0.17163,0.234171088,-0.890607345,0.702511536,-0.20190895
2022-08-14,-0.062708333,0.243333333,0.0334,0.8774,0.0892,0.15296,0.113311987,-0.310266303,1.582035022,-0.833938635
2022-08-15,0.45,0.5,0,0.607,0.393,0.8126,4.383451091,-0.890607345,-0.210151493,2.070911869
2022-08-16,0.303492063,0.461269841,0,0.759333333,0.240666667,0.387266667,1.630081831,-0.890607345,0.799499934,0.614343205
2022-08-17,0.068033126,0.279042443,0.089434783,0.538304348,0.154869565,0.073965217,-0.398055895,0.663364957,-0.665460004,-0.206024647
2022-08-18,0.0125,0.3328125,0.019375,0.513,0.092625,0.137475,0.013070789,-0.553957415,-0.833174912,-0.801189745
2022-08-19,0.144345802,0.348137626,0.04625,0.639625,0.189125,0.184375,0.316675064,-0.086991382,0.006084029,0.121516225
2022-08-20,-0.011574074,0.074074074,0.021666667,0.311666667,0,-0.034233333,-1.098472581,-0.514138606,-2.167593865,-1.68684405
2022-08-21,0.182853224,0.245288066,0.005666667,0.631111111,0.141,0.413655556,1.800908686,-0.79214629,-0.05034525,-0.338641545
2022-08-22,0.024479167,0.343489583,0.006625,0.63275,0.110625,0.3176875,1.179665361,-0.775494788,-0.039482844,-0.629078786
2022-08-23,0.075541126,0.162554113,0.024363636,0.499545455,0.112363636,0.035363636,-0.647940864,-0.467277462,-0.922350411,-0.612454433
2022-08-24,0.143526786,0.334468006,0.025,0.618,0.23175,0.1305125,-0.032000528,-0.456220338,-0.137244497,0.529084536
2022-08-25,0.0875,0.55,0.25,0.60575,0.14425,0.071225,-0.415794525,3.453262728,-0.218436379,-0.307565955
2022-08-26,0.040470899,0.343440165,0.118294118,0.498058824,0.383588235,0.044494118,-0.588835253,1.164809765,-0.932203665,1.980919211
2022-08-27,0.5,0.5,0.431,0.569,0,-0.5849,-4.663179492,6.598224661,-0.462012024,-1.68684405
2022-08-28,0.121837422,0.234674122,0.014190476,0.735761905,0.202428571,0.250528571,0.744916154,-0.644041006,0.643270657,0.248721249
2022-08-29,0.130859375,0.466145833,0.02175,0.8015,0.177,0.345275,1.358251351,-0.512690649,1.078976751,0.005580372
2022-08-30,0.164285714,0.246428571,0,0.836142857,0.163857143,0.241957143,0.689429536,-0.890607345,1.308586446,-0.120087947
2022-08-31,0,0.25,0,0.696,0.054,0.074,-0.397830732,-0.890607345,0.379732382,-1.170511176
2022-09-01,0.375,0.438888889,0,0.4884,0.3116,0.3136,1.15320518,-0.890607345,-0.996221466,1.292587869
2022-09-03,-0.25,0.5,0.278,0.222,0,-0.1806,-2.045968225,3.939776176,-2.761896346,-1.68684405
2022-09-04,0.303968254,0.57015873,0.016333333,0.630333333,0.353333333,0.637933333,3.252757132,-0.606807834,-0.05550029,1.691630313
2022-09-05,0.171488095,0.355130952,0.0874,0.7024,0.2102,0.04572,-0.580899579,0.628009632,0.422150998,0.323029472
2022-09-06,0.1275,0.284166667,0.0782,0.7579,0.0639,-0.03783,-1.121755382,0.468155214,0.789999931,-1.075850149
2022-09-07,0,0,0,1,0,0,-0.876865196,-0.890607345,2.39461663,-1.68684405
2022-09-08,0.178371825,0.42342192,0.0344,0.7288,0.1868,0.26771,0.856139078,-0.292890823,0.597127788,0.099285227
2022-09-09,0.03375,0.2525,0.1017,0.6619,0.1364,0.0748,-0.392651981,0.876479001,0.153720695,-0.382625456
2022-09-10,0.078125,0.164583333,0.013375,0.53475,0.32675,0.162875,0.177496132,-0.658210296,-0.689017897,1.437447926
2022-09-11,0.06,0.3,0.1264,0.72,0.1536,0.02542,-0.712310384,1.305653364,0.538802191,-0.218163874
2022-09-12,0.018080357,0.39672619,0.066166667,0.816083333,0.11775,0.060758333,-0.48354985,0.259070267,1.175633753,-0.560951532
2022-09-13,0.07099359,0.277083333,0.054269231,0.555346154,0.198115385,0.104884615,-0.197901068,0.052346604,-0.55250847,0.207479765
2022-09-14,0.137777778,0.376666667,0.1024,0.6588,0.0388,0.01336,-0.790380055,0.888641837,0.133174178,-1.315849318
2022-09-15,-0.033333333,0.2,0,0.932333333,0.067666667,0.1405,0.032652941,-0.890607345,1.946128141,-1.039834337
2022-09-16,0.245833333,0.645238095,0,0.7965,0.2035,0.60525,3.041183577,-0.890607345,1.045837208,0.258965949
2022-09-17,-0.016666667,0.218333333,0.1206,0.7252,0.1544,0.03078,-0.677612753,1.204875578,0.573267317,-0.210514498
2022-09-18,0.274571429,0.356857143,0,0.4988,0.3012,0.33534,1.293937738,-0.890607345,-0.927291215,1.193145983
2022-09-19,0.219537037,0.359166667,0.083277778,0.732444444,0.184166667,0.090711111,-0.289652379,0.556384041,0.621282833,0.074106031
2022-09-20,0.170535714,0.270982143,0,0.529875,0.470125,0.376025,1.557309591,-0.890607345,-0.721328952,2.808359516
2022-09-21,0.039887767,0.354170525,0.042611111,0.7505,0.095777778,0.095255556,-0.260234196,-0.150218824,0.740953407,-0.771043767
2022-09-22,0.039583333,0.101388889,0.009375,0.767625,0.098,0.1244,-0.071569422,-0.727712218,0.854456344,-0.7497955
2022-09-23,0.0625,0.0625,0.05775,0.87875,0.0635,-0.083175,-1.41529346,0.112826642,1.590982699,-1.079674837
2022-09-24,0,0.5,0,1,0,0,-0.876865196,-0.890607345,2.39461663,-1.68684405
2022-09-25,0,0,0,0.333333333,0,0,-0.876865196,-0.890607345,-2.023989177,-1.68684405
2022-09-26,0.7,1,0,0.208,0.792,0.5859,2.915922538,-0.890607345,-2.854687068,5.886038107
2022-09-27,0.063541667,0.139583333,0.023833333,0.693583333,0.115916667,0.107858333,-0.178650887,-0.476491732,0.363714936,-0.578481352
2022-09-28,0.024583333,0.335486111,0.00925,0.820916667,0.0865,0.116625,-0.121900408,-0.729884153,1.207668645,-0.859755279
2022-09-29,0.190909091,0.318939394,0.01,0.762272727,0.227636364,0.207427273,0.465902539,-0.716852542,0.818981969,0.489751097
2022-09-30,0.154166667,0.254166667,0,0.595,0.238333333,0.202483333,0.43389825,-0.890607345,-0.289686397,0.592032525
2022-10-01,0.084615385,0.223076923,0.016384615,0.499307692,0.022769231,0.031584615,-0.672404125,-0.605916784,-0.923926277,-1.469131043
2022-10-02,0.035363059,0.395917605,0.04212,0.635,0.20296,0.09264,-0.277165835,-0.158752115,-0.024570049,0.25380262
2022-10-03,0.062457369,0.394907407,0.086870968,0.719741935,0.128967742,0.011512903,-0.802337123,0.618817443,0.537091763,-0.453690626
2022-10-04,-0.069949495,0.409343434,0.10225,0.7635,0.1345,0.132525,-0.018972732,0.886035515,0.82711622,-0.400792724
2022-10-05,0.085583333,0.453952381,0.0748,0.5784,0.1468,0.20396,0.443457361,0.409078581,-0.399709682,-0.283183569
2022-10-06,0.08568009,0.239355985,0.053875,0.59971875,0.190125,0.103584375,-0.206318094,0.045496656,-0.258410953,0.131077945
2022-10-07,0.07752866,0.31118488,0.028166667,0.797611111,0.063111111,0.018316667,-0.758293377,-0.401197984,1.053201551,-1.083393283
2022-10-08,0.130740741,0.189259259,0.011333333,0.365555556,0.289777778,0.1261,-0.060564576,-0.693685235,-1.810423229,1.083929893
2022-10-09,0.11668392,0.350431332,0.084608696,0.725391304,0.103086957,0.046969565,-0.572810595,0.579509379,0.574535264,-0.701155447
2022-10-10,0.1875,0.225,0.16075,0.5325,0.05675,0.10565,-0.192946397,1.902501112,-0.703930692,-1.144216446
2022-10-11,-0.000555556,0.27034188,0.037266667,0.760333333,0.069,0.01432,-0.784165554,-0.243081113,0.806127843,-1.027085377
2022-10-12,0.102197802,0.231868132,0.046615385,0.763076923,0.113384615,0.118423077,-0.110260667,-0.080642649,0.824312105,-0.602692117
2022-10-13,0.058399471,0.206580688,0.050277778,0.608166667,0.174944444,0.075055556,-0.390997658,-0.017006808,-0.202418933,-0.014074275
2022-10-14,-0.037924107,0.284853671,0.04675,0.8479375,0.1053125,0.01038125,-0.809662811,-0.078303642,1.386760262,-0.679875423
2022-10-15,0.132276371,0.398299278,0.11096,0.75496,0.13404,-0.084604,-1.424544004,1.037375948,0.77051388,-0.405191115
2022-10-16,0.042954545,0.335151515,0.036636364,0.764954545,0.152954545,0.1034,-0.207511635,-0.254032931,0.836756815,-0.22433553
2022-10-17,0.180863636,0.475234848,0.070727273,0.729409091,0.154409091,-0.028572727,-1.061828995,0.338312988,0.601164787,-0.210427573
2022-10-18,0.067431973,0.294557823,0.100785714,0.294142857,0.319357143,0.125292857,-0.065789566,0.860592847,-2.283740075,1.366759497
2022-10-19,0.22339362,0.466086691,0.040615385,0.712230769,0.247076923,0.238869231,0.669440127,-0.18489553,0.487308439,0.675636281
2022-10-20,0.175361552,0.29646164,0.078277778,0.568333333,0.186722222,0.106416667,-0.187983428,0.46950664,-0.46643063,0.098541537
2022-10-21,0.05264652,0.331129426,0.084961538,0.547961538,0.174769231,0.057542308,-0.504368595,0.585640192,-0.601453026,-0.015749619
2022-10-22,0.2575,0.271666667,0.0149,0.4488,0.2363,0.19357,0.376198333,-0.631712689,-1.258686651,0.572590361
2022-10-23,0.100757576,0.324242424,0,0.818636364,0.181363636,0.128054545,-0.047911946,-0.890607345,1.192555005,0.04730424
2022-10-24,0.151534091,0.382189529,0.0621,0.5105,0.22735,0.108305,-0.175759418,0.188409981,-0.849744684,0.487012968
2022-10-25,0.035882867,0.152297009,0.021384615,0.526461538,0.144461538,0.107638462,-0.180074214,-0.519039382,-0.743953064,-0.305543283
2022-10-26,0.099512987,0.156412338,0.013714286,0.603857143,0.168142857,0.146464286,0.071262379,-0.652315044,-0.230982063,-0.079109148
2022-10-27,0.08,0.22,0,0.287,0.313,0.16444,0.187627064,-0.890607345,-2.33108228,1.305974277
2022-10-28,0,0,0,0.763,0.237,0.20095,0.423972311,-0.890607345,0.823802266,0.579283565
2022-11-09,0.043333333,0.161666667,0,0.4221,0.3779,0.29754,1.049241755,-0.890607345,-1.435651814,1.926529899
2022-11-10,0.1398079,0.319964165,0.0488,0.5249,0.226333333,0.12292,-0.081150111,-0.042683907,-0.754302798,0.477291886
2022-11-11,0.115071549,0.358939394,0.018909091,0.635272727,0.254909091,0.173942424,0.249140425,-0.562052809,-0.022762438,0.750525276
2022-11-12,0.047,0.171111111,0.01552,0.64724,0.09724,0.034232,-0.655266443,-0.620939891,0.056555554,-0.757062407
2022-11-13,0.100898931,0.249866375,0.058061224,0.599959184,0.137877551,0.100967347,-0.223259265,0.118234317,-0.256817381,-0.368497527
2022-11-14,0.12049513,0.23633658,0.073727273,0.68875,0.146613636,0.063213636,-0.467655596,0.390439429,0.331680044,-0.284965526
2022-11-15,0.042732265,0.38637822,0.09844186,0.602418605,0.182883721,0.033169767,-0.66214274,0.819867261,-0.240516563,0.061838863
2022-11-16,0.062671717,0.200611111,0.02032,0.7162,0.18348,0.122476,-0.084024318,-0.537537586,0.513616138,0.067540316
2022-11-17,0.125496032,0.373710317,0.037041667,0.681625,0.198,0.158733333,0.150685307,-0.246990596,0.284456195,0.206376489
2022-11-18,0.082060431,0.210536534,0.081909091,0.512363636,0.16330303,0.114757576,-0.133989064,0.53260245,-0.837392672,-0.125386216
2022-11-19,0.115119709,0.356950397,0.034266667,0.698933333,0.200133333,0.153913333,0.119483332,-0.295207554,0.399174248,0.226774825
2022-11-20,0.092570493,0.257686176,0.068459459,0.541756757,0.173567568,0.079940541,-0.359375007,0.298908643,-0.642577753,-0.027239586
2022-11-21,0.124895833,0.338645833,0.080425,0.655325,0.189225,0.14207,0.04281624,0.506815657,0.110142195,0.122472397
2022-11-22,0.070202518,0.226937603,0.063448276,0.719724138,0.147862069,0.130044828,-0.035027976,0.211836922,0.536973803,-0.273028363
2022-11-23,0.147504509,0.306403369,0.061097222,0.599402778,0.228402778,0.156179167,0.134151066,0.170986235,-0.260505188,0.497079335
2022-11-24,0.113754044,0.39980566,0.053774194,0.655741935,0.225967742,0.1971,0.399049572,0.043745095,0.112905606,0.473796204
2022-11-25,0.075437243,0.28154027,0.149259259,0.758037037,0.055666667,-0.187203704,-2.088716896,1.702843973,0.7909082,-1.154574976
2022-11-26,0.204074405,0.362619473,0.027964286,0.726571429,0.245464286,0.219639286,0.544956256,-0.40471445,0.58235702,0.660216694
2022-11-27,0.130147569,0.256028646,0.03659375,0.68771875,0.18190625,0.1692625,0.218845222,-0.254773363,0.324845013,0.05249256
2022-11-28,0.092498515,0.28567043,0.057784314,0.673254902,0.170921569,0.105352941,-0.19486939,0.113422859,0.228979949,-0.052539887
2022-11-29,0.153641917,0.361956976,0.078473684,0.706210526,0.110157895,0.068957895,-0.430470492,0.472910608,0.447406819,-0.633545116
2022-11-30,0.104517544,0.330958647,0.061947368,0.689210526,0.196210526,0.158510526,0.149242979,0.185757934,0.33473237,0.189266043
2022-12-01,0.136662257,0.327733686,0.045592593,0.673148148,0.170148148,0.158322222,0.148024004,-0.098414151,0.228272394,-0.059935117
2022-12-02,0.043867951,0.343533891,0.07127027,0.72027027,0.154432432,-0.012032432,-0.95475641,0.347747831,0.540593518,-0.210204388
2022-12-03,0.199866973,0.37979798,0.031571429,0.530619048,0.294952381,0.231740476,0.623292571,-0.34203861,-0.716397473,1.133407999
2022-12-04,0.06943688,0.194877703,0.034064516,0.683354839,0.153548387,0.1647,0.189310158,-0.298720017,0.295921408,-0.218657382
2022-12-05,0.046961806,0.234461806,0.042416667,0.777291667,0.096958333,0.028370833,-0.693208346,-0.15359739,0.918526128,-0.759755625
2022-12-06,0.084166667,0.522291667,0.052125,0.6195,0.203375,0.0453625,-0.583213833,0.015089565,-0.127302634,0.257770734
2022-12-07,0.288271605,0.360493827,0,0.682444444,0.095333333,0.200322222,0.41990843,-0.890607345,0.289887398,-0.77529342
2022-12-08,0.179166667,0.33125,0.04075,0.4,0.30925,0.22885,0.60458125,-0.182556523,-1.582128596,1.270117828
